{
  "steps": [
    200,
    400,
    600,
    800,
    1000,
    1200,
    1400,
    1600,
    1800,
    2000
  ],
  "loss": [
    1.567238716483116,
    1.303349091410637,
    1.1592907065153122,
    1.1270466178655625,
    1.096822605729103,
    1.079270271062851,
    1.0665579646825791,
    1.0607085877656937,
    1.0531332993507385,
    1.0476396197080613
  ],
  "tok_s": [
    199463.68687167155,
    224477.7935677084,
    223606.94524816005,
    220457.46920854267,
    223830.45331614246,
    213929.25641833126,
    222896.13809390174,
    215777.00073462707,
    225633.9032362032,
    214907.745756947
  ],
  "lr_mult_core": [
    0.10008711367845535,
    0.10011650621891022,
    0.10016316920518875,
    0.10022767633199692,
    0.10031187534332275,
    0.10046333074569702,
    0.10068531334400177,
    0.10103285312652588,
    0.10160967707633972,
    0.10252480208873749
  ],
  "lr_mult_embed": [
    0.10005497932434082,
    0.10007528215646744,
    0.10010740906000137,
    0.10015258938074112,
    0.10021336376667023,
    0.10032123327255249,
    0.10048452019691467,
    0.10074463486671448,
    0.10118187963962555,
    0.10189003497362137
  ],
  "step_time": [
    0.011225223541259766,
    0.00983428955078125,
    0.011720657348632812,
    0.01023244857788086,
    0.01182699203491211,
    0.012344837188720703,
    0.010478973388671875,
    0.010558843612670898,
    0.011775970458984375,
    0.011120796203613281
  ]
}