{
  "steps": [
    100,
    200,
    300,
    400,
    500
  ],
  "loss": [
    1.5795787274837494,
    1.1006110286712647,
    1.0651815474033355,
    1.0393550890684127,
    1.0199960803985595
  ],
  "tok_s": [
    125651.49614916921,
    205056.5710269808,
    213463.26259337226,
    210587.52385675724,
    190400.22236432772
  ],
  "lr_mult_core": [
    1.9999514818191528,
    1.9999395608901978,
    1.9999268054962158,
    1.9999134540557861,
    1.9998971223831177
  ],
  "lr_mult_embed": [
    1.9999531507492065,
    1.999940037727356,
    1.9999220371246338,
    1.9998983144760132,
    1.9998658895492554
  ],
  "step_time": [
    0.01096796989440918,
    0.010830879211425781,
    0.01143646240234375,
    0.012804985046386719,
    0.0571439266204834
  ]
}